Transaction ID,Year,Month,Day,Salesperson ID,Product ID,Serial No,ID Customer,List Price,Sales,Gross Margin
1001,2004,3,31,2002,1000,11001,1160,999,690,262
1002,2004,5,26,2011,1000,11002,1099,999,999,380
1003,2004,7,11,2005,1000,11003,1010,999,759,288
1004,2004,8,14,2020,1000,11004,1180,999,759,288
1004,2004,8,14,2020,1000,11005,1180,999,759,288
1005,2004,10,6,2035,1000,11006,1125,999,859,326
1006,2004,11,14,2011,1000,11007,1032,999,700,266
1007,2004,12,13,2001,1000,11008,1124,999,810,308
1007,2004,12,13,2001,1000,11009,1124,999,810,308
1007,2004,12,13,2001,1000,11010,1124,999,810,308
1007,2004,12,13,2001,1000,11011,1124,999,810,308
1008,2005,1,14,2037,1000,11012,1118,1199,1000,490
1009,2005,2,10,2002,1000,11013,1029,1199,859,421
1010,2005,3,14,2018,1000,11014,1159,1199,1090,534
1010,2005,3,14,2018,1000,11015,1159,1199,1090,534
1010,2005,3,14,2018,1000,11016,1159,1199,1090,534
1011,2005,4,20,2002,1000,11017,1176,1199,930,456
1011,2005,4,20,2002,1000,11018,1176,1199,930,456
1011,2005,4,20,2002,1000,11019,1176,1199,930,456
1011,2005,4,20,2002,1000,11020,1176,1199,930,456
1012,2005,5,17,2016,1000,11021,1035,1199,1159,568
1013,2005,6,21,2035,1000,11022,1113,1199,930,456
1014,2005,7,30,2019,1000,11023,1011,1199,900,441
1014,2005,7,30,2019,1000,11024,1011,1199,900,441
1014,2005,7,30,2019,1000,11025,1011,1199,900,441
1015,2005,8,30,2030,1000,11026,1111,1199,990,485
1016,2005,9,21,2031,1000,11027,1126,1199,1030,505
1017,2005,10,13,2012,1000,11028,1072,1199,1159,568
1018,2005,10,29,2002,1000,11029,1176,1199,1000,490
1019,2005,11,24,2018,1000,11030,1174,1199,810,397
1020,2005,12,17,2031,1000,11031,1092,1199,910,446
1021,2006,1,3,2002,1000,11032,1176,1299,900,504
1022,2006,1,18,2022,1000,11033,1036,1299,900,504
1023,2006,2,14,2006,1000,11034,1105,1299,1010,566
1024,2006,3,7,2006,1000,11035,1056,1299,1210,678
1025,2006,3,19,2025,1000,11036,1112,1299,1000,560
1026,2006,4,3,2010,1000,11037,1047,1299,1250,700
1026,2006,4,3,2010,1000,11038,1047,1299,1250,700
1026,2006,4,3,2010,1000,11039,1047,1299,1250,700
1027,2006,4,21,2012,1000,11040,1072,1299,1219,683
1028,2006,5,2,2015,1000,11041,1050,1299,1299,727
1029,2006,5,19,2017,1000,11042,1139,1299,1270,711
1030,2006,5,26,2022,1000,11043,1119,1299,1250,700
1031,2006,6,2,2017,1000,11044,1109,1299,1000,560
1031,2006,6,2,2017,1000,11045,1109,1299,1000,560
1031,2006,6,2,2017,1000,11046,1109,1299,1000,560
1031,2006,6,2,2017,1000,11047,1109,1299,1000,560
1031,2006,6,2,2017,1000,11048,1109,1299,1000,560
1031,2006,6,2,2017,1000,11049,1109,1299,1000,560
1032,2006,6,6,2002,1000,11050,1110,1299,1290,722
1033,2006,6,11,2020,1000,11051,1127,1299,930,521
1034,2006,6,14,2026,1000,11052,1143,1299,1230,689
1035,2006,6,16,2026,1000,11053,1079,1299,1179,660
1036,2006,6,19,2006,1000,11054,1043,1299,900,504
1037,2006,6,21,2026,1000,11055,1037,1299,1270,711
1038,2006,6,23,2037,1000,11056,1141,1299,1200,672
1039,2006,6,26,2016,1000,11057,1035,1299,930,521
1040,2006,6,29,2031,1000,11058,1126,1299,1210,678
1041,2006,7,2,2026,1000,11059,1079,1299,1059,593
1042,2006,7,5,2020,1000,11060,1180,1299,1000,560
1043,2006,7,8,2019,1000,11061,1115,1299,900,504
1044,2006,7,10,2031,1000,11062,1165,1299,1079,604
1045,2006,7,12,2027,1000,11063,1145,1299,999,559
1046,2006,7,15,2024,1000,11064,1057,1299,1100,616
1047,2006,7,18,2020,1000,11065,1127,1299,1139,638
1048,2006,7,22,2026,1000,11066,1148,1299,1100,616
1049,2006,7,27,2001,1000,11067,1161,1299,1090,610
1050,2006,7,31,2017,1000,11068,1094,1299,900,504
1051,2006,8,3,2024,1000,11069,1120,1299,1090,610
1052,2006,8,8,2011,1000,11070,1151,1299,1130,633
1053,2006,8,13,2018,1000,11071,1153,1299,1290,722
1054,2006,8,17,2007,1000,11072,1129,1299,1100,616
1055,2006,8,20,2026,1000,11073,1019,1299,979,548
1056,2006,8,25,2004,1000,11074,1146,1299,1200,672
1057,2006,8,29,2008,1000,11075,1128,1299,1290,722
1059,2006,9,6,2035,1000,11077,1144,1299,1110,622
1060,2006,9,9,2037,1000,11078,1071,1299,1070,599
1061,2006,9,14,2006,1000,11079,1131,1299,1019,571
1062,2006,9,19,2011,1000,11080,1108,1299,1059,593
1063,2006,9,22,2035,1000,11081,1113,1299,1200,672
1064,2006,9,25,2028,1000,11082,1040,1299,900,504
1065,2006,9,30,2021,1000,11083,1164,1299,900,504
1066,2006,10,3,2018,1000,11084,1088,1299,979,548
1067,2006,10,6,2020,1000,11085,1051,1299,900,504
1067,2006,10,6,2020,1000,11086,1051,1299,900,504
1067,2006,10,6,2020,1000,11087,1051,1299,900,504
1067,2006,10,6,2020,1000,11088,1051,1299,900,504
1068,2006,10,11,2029,1000,11089,1138,1299,1250,700
1069,2006,10,15,2006,1000,11090,1132,1299,1100,616
1070,2006,10,18,2006,1000,11091,1133,1299,1319,739
1071,2006,10,21,2011,1000,11092,1108,1299,1100,616
1072,2006,10,24,2008,1000,11093,1128,1299,1210,678
1073,2006,10,29,2037,1000,11094,1058,1299,1070,599
1074,2006,11,3,2025,1000,11095,1087,1299,1010,566
1075,2006,11,6,2037,1000,11096,1141,1299,1310,734
1076,2006,11,9,2037,1000,11097,1022,1299,1279,716
1077,2006,11,13,2036,1000,11098,1034,1299,930,521
1078,2006,11,18,2002,1000,11099,1029,1299,1030,577
1079,2006,11,22,2022,1000,11100,1024,1299,990,554
1080,2006,11,25,2030,1000,11101,1095,1299,1010,566
1081,2006,11,30,2009,1000,11102,1136,1299,1119,627
1082,2006,12,5,2014,1000,11103,1069,1299,1200,672
1083,2006,12,10,2034,1000,11104,1045,1299,1000,560
1084,2006,12,14,2036,1000,11105,1034,1299,1059,593
1085,2006,12,18,2006,1000,11106,1131,1299,930,521
1086,2006,12,23,2001,1000,11107,1063,1299,1270,711
1087,2006,12,26,2035,1000,11108,1113,1299,1039,582
1088,2006,12,31,2022,1000,11109,1076,1299,959,537
1089,2007,1,4,2018,1000,11110,1070,1499,1230,800
1089,2007,1,4,2018,2000,12001,1070,2199,1850,666
1089,2007,1,4,2018,2000,12002,1070,2199,1850,666
1089,2007,1,4,2018,2000,12003,1070,2199,1850,666
1090,2007,1,7,2002,2000,12004,1020,2199,1850,666
1091,2007,1,11,2027,2000,12005,1067,2199,2000,720
1092,2007,1,15,2026,1000,11111,1143,1499,1400,910
1092,2007,1,15,2026,1000,11112,1143,1499,1400,910
1092,2007,1,15,2026,1000,11113,1143,1499,1400,910
1092,2007,1,15,2026,1000,11114,1143,1499,1400,910
1092,2007,1,15,2026,2000,12006,1143,2199,2210,796
1093,2007,1,20,2017,2000,12007,1091,2199,1829,658
1094,2007,1,25,2033,2000,12008,1149,2199,1940,698
1095,2007,1,28,2022,2000,12009,1076,2199,1800,648
1095,2007,1,28,2022,2000,12010,1076,2199,1800,648
1095,2007,1,28,2022,2000,12011,1076,2199,1800,648
1095,2007,1,28,2022,2000,12012,1076,2199,1800,648
1096,2007,2,1,2005,2000,12013,1169,2199,1500,540
1097,2007,2,5,2001,2000,12014,1063,2199,2120,763
1098,2007,2,10,2001,2000,12015,1063,2199,2030,731
1099,2007,2,14,2006,2000,12016,1074,2199,2030,731
1100,2007,2,18,2024,1000,11115,1120,1499,1410,917
1100,2007,2,18,2024,2000,12017,1120,2199,2120,763
1101,2007,2,26,2030,2000,12018,1095,2199,1900,684
1102,2007,3,4,2025,2000,12019,1112,2199,2120,763
1103,2007,3,13,2019,2000,12020,1177,2199,1640,590
1104,2007,3,22,2033,2000,12021,1149,2199,1739,626
1104,2007,3,22,2033,2000,12022,1149,2199,1739,626
1104,2007,3,22,2033,2000,12023,1149,2199,1739,626
1104,2007,3,22,2033,2000,12024,1149,2199,1739,626
1105,2007,3,30,2022,1000,11116,1036,1499,1450,943
1106,2007,4,4,2018,2000,12025,1153,2199,1940,698
1107,2007,4,10,2026,2000,12026,1079,2199,1970,709
1108,2007,4,18,2021,2000,12027,1164,2199,1640,590
1108,2007,4,18,2021,2000,12028,1164,2199,1640,590
1108,2007,4,18,2021,2000,12029,1164,2199,1640,590
1108,2007,4,18,2021,2000,12030,1164,2199,1640,590
1109,2007,4,24,2016,2000,12031,1031,2199,1580,569
1110,2007,4,29,2036,2000,12032,1062,2199,2200,792
1111,2007,5,6,2015,2000,12033,1050,2199,1640,590
1112,2007,5,15,2027,2000,12034,1003,2199,2150,774
1113,2007,5,22,2021,2000,12035,1043,2199,1889,680
1114,2007,5,28,2029,2000,12036,1048,2199,1829,658
1115,2007,6,4,2002,2000,12037,1029,2199,1850,666
1116,2007,6,10,2030,2000,12038,1073,2199,1610,580
1117,2007,6,19,2023,2000,12039,1152,2199,1850,666
1118,2007,6,26,2011,2000,12040,1151,2199,2210,796
1119,2007,7,4,2005,2000,12041,1169,2199,2009,723
1120,2007,7,9,2006,2000,12042,1131,2199,1700,612
1120,2007,7,9,2006,2000,12043,1131,2199,1700,612
1121,2007,7,16,2036,2000,12044,1062,2199,1580,569
1122,2007,7,23,2031,2000,12045,1005,2199,2060,742
1123,2007,7,28,2028,2000,12046,1122,2199,1940,698
1124,2007,8,5,2026,2000,12047,1143,2199,1640,590
1125,2007,8,11,2012,2000,12048,1044,2199,1640,590
1126,2007,8,16,2035,2000,12049,1144,2199,1640,590
1127,2007,8,25,2032,2000,12050,1023,2199,1829,658
1128,2007,9,3,2022,1000,11117,1036,1499,1200,780
1129,2007,9,11,2006,1000,11118,1133,1499,1390,904
1129,2007,9,11,2006,2000,12051,1133,2199,2090,752
1129,2007,9,11,2006,2000,12052,1133,2199,2090,752
1129,2007,9,11,2006,2000,12053,1133,2199,2090,752
1129,2007,9,11,2006,2000,12054,1133,2199,2090,752
1129,2007,9,11,2006,2000,12055,1133,2199,2090,752
1129,2007,9,11,2006,2000,12056,1133,2199,2090,752
1129,2007,9,11,2006,2000,12057,1133,2199,2090,752
1129,2007,9,11,2006,2000,12058,1133,2199,2090,752
1129,2007,9,11,2006,2000,12059,1133,2199,2090,752
1129,2007,9,11,2006,2000,12060,1133,2199,2090,752
1130,2007,9,17,2021,2000,12061,1064,2199,2000,720
1131,2007,9,26,2028,2000,12062,1158,2199,2189,788
1132,2007,10,5,2021,2000,12063,1086,2199,1910,688
1133,2007,10,13,2027,2000,12064,1098,2199,2150,774
1134,2007,10,18,2003,2000,12065,1106,2199,1820,655
1135,2007,10,22,2019,2000,12066,1135,2199,2009,723
1136,2007,10,26,2030,2000,12067,1095,2199,1949,702
1137,2007,10,30,2018,2000,12068,1070,2199,1940,698
1138,2007,11,2,2018,2000,12069,1153,2199,2099,756
1139,2007,11,5,2036,2000,12070,1034,2199,1949,702
1139,2007,11,5,2036,2000,12071,1034,2199,1949,702
1139,2007,11,5,2036,2000,12072,1034,2199,1949,702
1139,2007,11,5,2036,2000,12073,1034,2199,1949,702
1140,2007,11,10,2017,2000,12074,1094,2199,1709,615
1141,2007,11,13,2003,2000,12075,1042,2199,1760,634
1142,2007,11,16,2014,2000,12076,1068,2199,1900,684
1143,2007,11,19,2017,2000,12077,1094,2199,1940,698
1144,2007,11,24,2021,2000,12078,1059,2199,1769,637
1145,2007,11,27,2020,2000,12079,1015,2199,1820,655
1146,2007,12,2,2027,2000,12080,1067,2199,1800,648
1147,2007,12,5,2023,2000,12081,1009,2199,1940,698
1148,2007,12,9,2012,2000,12082,1044,2199,2100,756
1149,2007,12,14,2026,2000,12083,1079,2199,2000,720
1150,2007,12,18,2012,2000,12084,1072,2199,1670,601
1151,2007,12,22,2004,2000,12085,1101,2199,2000,720
1152,2007,12,26,2035,1000,11119,1144,1499,1170,761
1152,2007,12,26,2035,2000,12086,1144,2199,1700,612
1152,2007,12,26,2035,2000,12087,1144,2199,1700,612
1152,2007,12,26,2035,2000,12088,1144,2199,1700,612
1153,2007,12,29,2018,2000,12089,1174,2199,2069,745
1154,2008,1,3,2013,3000,13001,1041,3299,2719,1278
1155,2008,1,7,2002,3000,13002,1029,3299,3190,1499
1156,2008,1,12,2017,3000,13003,1139,3299,2879,1353
1157,2008,1,16,2031,3000,13004,1165,3299,2700,1269
1158,2008,1,19,2033,3000,13005,1093,3299,2830,1330
1158,2008,1,19,2033,3000,13006,1093,3299,2830,1330
1158,2008,1,19,2033,3000,13007,1093,3299,2830,1330
1159,2008,1,23,2022,3000,13008,1076,3299,2639,1240
1160,2008,1,27,2022,3000,13009,1119,3299,3230,1518
1161,2008,1,30,2008,3000,13010,1085,3299,2679,1259
1162,2008,2,3,2037,3000,13011,1141,3299,2750,1293
1163,2008,2,8,2020,3000,13012,1051,3299,2510,1180
1163,2008,2,8,2020,3000,13013,1051,3299,2510,1180
1163,2008,2,8,2020,3000,13014,1051,3299,2510,1180
1163,2008,2,8,2020,3000,13015,1051,3299,2510,1180
1163,2008,2,8,2020,3000,13016,1051,3299,2510,1180
1164,2008,2,13,2025,3000,13017,1112,3299,2879,1353
1165,2008,2,17,2007,3000,13018,1129,3299,3000,1410
1166,2008,2,22,2022,3000,13019,1119,3299,2439,1146
1167,2008,2,27,2015,3000,13020,1060,3299,2500,1175
1168,2008,3,2,2014,3000,13021,1069,3299,2670,1255
1169,2008,3,6,2031,3000,13022,1066,3299,2600,1222
1170,2008,3,11,2016,3000,13023,1097,3299,3039,1428
1171,2008,3,15,2007,3000,13024,1129,3299,2800,1316
1171,2008,3,15,2007,3000,13025,1129,3299,2800,1316
1171,2008,3,15,2007,3000,13026,1129,3299,2800,1316
1172,2008,3,18,2027,3000,13027,1179,3299,3150,1481
1173,2008,3,22,2014,3000,13028,1027,3299,3000,1410
1174,2008,3,26,2007,3000,13029,1089,3299,3270,1537
1175,2008,3,31,2003,3000,13030,1106,3299,3319,1560
1176,2008,4,4,2026,2000,12090,1148,2499,2150,968
1176,2008,4,4,2026,2000,12091,1148,2499,2150,968
1176,2008,4,4,2026,3000,13031,1148,3299,2870,1349
1176,2008,4,4,2026,3000,13032,1148,3299,2870,1349
1177,2008,4,9,2031,3000,13033,1165,3299,2630,1236
1178,2008,4,14,2006,3000,13034,1131,3299,2550,1199
1179,2008,4,17,2017,3000,13035,1139,3299,3119,1466
1180,2008,4,22,2007,3000,13036,1170,3299,3070,1443
1181,2008,4,26,2025,3000,13037,1087,3299,2700,1269
1182,2008,4,29,2036,2000,12092,1034,2499,2180,981
1183,2008,5,4,2022,3000,13038,1081,3299,2600,1222
1184,2008,5,7,2005,3000,13039,1169,3299,2590,1217
1185,2008,5,12,2027,3000,13040,1145,3299,2910,1368
1186,2008,5,17,2032,3000,13041,1078,3299,2600,1222
1186,2008,5,17,2032,3000,13042,1078,3299,2600,1222
1186,2008,5,17,2032,3000,13043,1078,3299,2600,1222
1187,2008,5,22,2011,3000,13044,1013,3299,3039,1428
1188,2008,5,25,2018,3000,13045,1174,3299,2470,1161
1189,2008,5,30,2022,3000,13046,1103,3299,2600,1222
1190,2008,6,3,2017,3000,13047,1091,3299,3279,1541
1191,2008,6,7,2014,3000,13048,1104,3299,2430,1142
1192,2008,6,10,2011,3000,13049,1099,3299,3230,1518
1193,2008,6,13,2016,1000,11120,1035,1699,1499,1019
1194,2008,6,16,2036,3000,13050,1014,3299,2790,1311
1195,2008,6,20,2001,3000,13051,1167,3299,2719,1278
1196,2008,6,24,2019,2000,12093,1017,2499,1790,806
1196,2008,6,24,2019,3000,13052,1017,3299,2390,1123
1196,2008,6,24,2019,3000,13053,1017,3299,2390,1123
1196,2008,6,24,2019,3000,13054,1017,3299,2390,1123
1197,2008,6,29,2022,1000,11121,1024,1699,1250,850
1198,2008,7,3,2017,3000,13055,1109,3299,2590,1217
1199,2008,7,8,2019,3000,13056,1017,3299,3100,1457
1200,2008,7,11,2017,3000,13057,1094,3299,2959,1391
1201,2008,7,14,2033,3000,13058,1045,3299,3039,1428
1202,2008,7,19,2016,3000,13059,1031,3299,2500,1175
1203,2008,7,22,2027,1000,11122,1098,1699,1500,1020
1203,2008,7,22,2027,3000,13060,1098,3299,3100,1457
1203,2008,7,22,2027,3000,13061,1098,3299,3190,1499
1203,2008,7,22,2027,3000,13062,1098,3299,3190,1499
1203,2008,7,22,2027,3000,13063,1098,3299,3190,1499
1203,2008,7,22,2027,3000,13064,1098,3299,3190,1499
1203,2008,7,22,2027,3000,13065,1098,3299,3190,1499
1203,2008,7,22,2027,3000,13066,1098,3299,3190,1499
1203,2008,7,22,2027,3000,13067,1098,3299,3190,1499
1203,2008,7,22,2027,3000,13068,1098,3299,3190,1499
1203,2008,7,22,2027,3000,13069,1098,3299,3190,1499
1204,2008,7,27,2033,3000,13070,1093,3299,2390,1123
1205,2008,7,31,2021,3000,13071,1164,3299,2750,1293
1206,2008,8,3,2006,3000,13072,1131,3299,2999,1410
1206,2008,8,3,2006,3000,13073,1131,3299,2999,1410
1207,2008,8,7,2011,3000,13074,1013,3299,2910,1368
1208,2008,8,12,2027,3000,13075,1021,3299,2800,1316
1209,2008,8,17,2006,3000,13076,1056,3299,3159,1485
1210,2008,8,21,2019,3000,13077,1017,3299,2670,1255
1210,2008,8,21,2019,3000,13078,1017,3299,2670,1255
1210,2008,8,21,2019,3000,13079,1017,3299,2670,1255
1210,2008,8,21,2019,3000,13080,1017,3299,2670,1255
1211,2008,8,24,2008,3000,13081,1002,3299,2400,1128
1212,2008,8,29,2037,3000,13082,1075,3299,2500,1175
1213,2008,9,2,2010,3000,13083,1047,3299,2870,1349
1214,2008,9,7,2017,3000,13084,1163,3299,2479,1165
1215,2008,9,10,2026,3000,13085,1168,3299,3270,1537
1216,2008,9,15,2031,3000,13086,1066,3299,2479,1165
1217,2008,9,20,2005,1000,11123,1169,1699,1419,965
1217,2008,9,20,2005,1000,11124,1169,1699,1419,965
1217,2008,9,20,2005,1000,11125,1169,1699,1419,965
1217,2008,9,20,2005,1000,11126,1169,1699,1419,965
1217,2008,9,20,2005,3000,13087,1169,3299,2830,1330
1217,2008,9,20,2005,3000,13088,1169,3299,2830,1330
1217,2008,9,20,2005,3000,13089,1169,3299,2830,1330
1218,2008,9,23,2007,3000,13090,1089,3299,2479,1165
1219,2008,9,26,2003,3000,13091,1106,3299,2910,1368
1220,2008,10,1,2032,3000,13092,1116,3299,3079,1447
1221,2008,10,5,2037,3000,13093,1071,3299,2600,1222
1222,2008,10,8,2004,3000,13094,1101,3299,3239,1522
1223,2008,10,12,2030,3000,13095,1111,3299,3110,1462
1224,2008,10,15,2014,3000,13096,1069,3299,2470,1161
1224,2008,10,15,2014,3000,13097,1069,3299,2470,1161
1224,2008,10,15,2014,3000,13098,1069,3299,2470,1161
1224,2008,10,15,2014,3000,13099,1069,3299,2470,1161
1224,2008,10,15,2014,3000,13100,1069,3299,2470,1161
1224,2008,10,15,2014,3000,13101,1069,3299,2470,1161
1224,2008,10,15,2014,3000,13102,1069,3299,2470,1161
1225,2008,10,18,2021,3000,13103,1164,3299,3230,1518
1226,2008,10,23,2021,3000,13104,1059,3299,2400,1128
1227,2008,10,27,2002,3000,13105,1176,3299,3100,1457
1228,2008,10,31,2007,3000,13106,1170,3299,2550,1199
1228,2008,10,31,2007,3000,13107,1170,3299,2550,1199
1228,2008,10,31,2007,3000,13108,1170,3299,2550,1199
1229,2008,11,4,2027,3000,13109,1067,3299,3190,1499
1230,2008,11,7,2036,3000,13110,1157,3299,2559,1203
1231,2008,11,11,2012,3000,13111,1140,3299,3230,1518
1232,2008,11,16,2028,3000,13112,1046,3299,2799,1316
1233,2008,11,20,2015,3000,13113,1055,3299,2550,1199
1234,2008,11,23,2027,2000,12094,1067,2499,2429,1093
1234,2008,11,23,2027,2000,12095,1067,2499,2429,1093
1234,2008,11,23,2027,2000,12096,1067,2499,2429,1093
1234,2008,11,23,2027,3000,13114,1067,3299,3239,1522
1234,2008,11,23,2027,3000,13115,1067,3299,3230,1518
1234,2008,11,23,2027,3000,13116,1067,3299,3230,1518
1234,2008,11,23,2027,3000,13117,1067,3299,3230,1518
1235,2008,11,28,2003,3000,13118,1106,3299,2959,1391
1236,2008,12,2,2018,3000,13119,1174,3299,2710,1274
1237,2008,12,6,2011,3000,13120,1121,3299,2359,1109
1237,2008,12,6,2011,3000,13121,1121,3299,2359,1109
1237,2008,12,6,2011,3000,13122,1121,3299,2359,1109
1237,2008,12,6,2011,3000,13123,1121,3299,2359,1109
1238,2008,12,11,2004,3000,13124,1100,3299,2470,1161
1239,2008,12,15,2002,3000,13125,1020,3299,2870,1349
1240,2008,12,19,2031,3000,13126,1130,3299,3230,1518
1241,2008,12,22,2017,1000,11127,1025,1699,1430,972
1241,2008,12,22,2017,2000,12097,1025,2499,2100,945
1241,2008,12,22,2017,3000,13127,1025,3299,2879,1353
1242,2008,12,26,2008,3000,13128,1082,3299,2430,1142
1243,2008,12,29,2009,3000,13129,1136,3299,2900,1363
1244,2009,1,2,2006,3000,13130,1074,3699,3390,1932
1245,2009,1,5,2002,3000,13131,1106,3699,3100,1767
1246,2009,1,9,2028,2000,12098,1046,2699,2450,1201
1247,2009,1,14,2026,3000,13132,1143,3699,2870,1636
1248,2009,1,18,2006,3000,13133,1105,3699,3310,1887
1249,2009,1,22,2015,3000,13134,1050,3699,3110,1773
1250,2009,1,27,2024,3000,13135,1120,3699,3439,1960
1250,2009,1,27,2024,3000,13136,1120,3699,3439,1960
1250,2009,1,27,2024,3000,13137,1120,3699,3439,1960
1251,2009,2,1,2001,4000,14001,1167,4599,4049,1984
1252,2009,2,4,2037,4000,14002,1075,4599,4249,2082
1253,2009,2,7,2002,4000,14003,1107,4599,3540,1735
1254,2009,2,9,2006,2000,12099,1172,2699,2000,980
1254,2009,2,9,2006,3000,13138,1172,3699,2670,1522
1254,2009,2,9,2006,4000,14004,1172,4599,3340,1637
1255,2009,2,12,2008,4000,14005,1128,4599,3899,1911
1256,2009,2,16,2013,4000,14006,1026,4599,4149,2033
1257,2009,2,20,2009,4000,14007,1030,4599,3299,1617
1257,2009,2,20,2009,4000,14008,1030,4599,3299,1617
1258,2009,2,24,2011,4000,14009,1032,4599,4340,2127
1259,2009,3,1,2006,4000,14010,1132,4599,3400,1666
1260,2009,3,4,2014,4000,14011,1104,4599,4240,2078
1260,2009,3,4,2014,4000,14012,1104,4599,4240,2078
1261,2009,3,8,2026,4000,14013,1037,4599,4190,2053
1262,2009,3,12,2013,4000,14014,1041,4599,4300,2107
1263,2009,3,15,2006,4000,14015,1132,4599,3400,1666
1264,2009,3,19,2030,4000,14016,1111,4599,4040,1980
1265,2009,3,23,2027,4000,14017,1145,4599,3699,1813
1266,2009,3,28,2022,4000,14018,1103,4599,3240,1588
1267,2009,4,1,2027,4000,14019,1145,4599,4200,2058
1268,2009,4,5,2001,4000,14020,1063,4599,3290,1612
1269,2009,4,9,2033,4000,14021,1080,4599,3990,1955
1270,2009,4,13,2014,4000,14022,1069,4599,4299,2107
1271,2009,4,16,2004,4000,14023,1146,4599,4190,2053
1272,2009,4,21,2012,4000,14024,1053,4599,3540,1735
1272,2009,4,21,2012,4000,14025,1053,4599,3540,1735
1272,2009,4,21,2012,4000,14026,1053,4599,3540,1735
1272,2009,4,21,2012,4000,14027,1053,4599,3540,1735
1272,2009,4,21,2012,4000,14028,1053,4599,3540,1735
1272,2009,4,21,2012,4000,14029,1053,4599,3540,1735
1273,2009,4,26,2006,4000,14030,1074,4599,4240,2078
1274,2009,4,29,2012,4000,14031,1044,4599,3200,1568
1275,2009,5,4,2030,4000,14032,1073,4599,4400,2156
1276,2009,5,9,2027,4000,14033,1098,4599,4100,2009
1277,2009,5,13,2001,4000,14034,1167,4599,3540,1735
1278,2009,5,17,2015,4000,14035,1060,4599,3990,1955
1278,2009,5,17,2015,4000,14036,1060,4599,3990,1955
1278,2009,5,17,2015,4000,14037,1060,4599,3990,1955
1278,2009,5,17,2015,4000,14038,1060,4599,3990,1955
1279,2009,5,21,2002,4000,14039,1110,4599,3340,1637
1280,2009,5,25,2021,4000,14040,1064,4599,3640,1784
1281,2009,5,30,2002,4000,14041,1176,4599,3700,1813
1281,2009,5,30,2002,4000,14042,1176,4599,3700,1813
1281,2009,5,30,2002,4000,14043,1176,4599,3700,1813
1281,2009,5,30,2002,4000,14044,1176,4599,3700,1813
1282,2009,6,4,2012,4000,14045,1117,4599,3349,1641
1283,2009,6,8,2019,4000,14046,1115,4599,4190,2053
1284,2009,6,12,2021,4000,14047,1083,4599,3490,1710
1285,2009,6,17,2004,4000,14048,1146,4599,3399,1666
1286,2009,6,22,2036,4000,14049,1062,4599,3240,1588
1287,2009,6,25,2011,4000,14050,1121,4599,3790,1857
1288,2009,6,28,2007,4000,14051,1096,4599,3240,1588
1289,2009,7,1,2036,4000,14052,1034,4599,3600,1764
1290,2009,7,4,2006,4000,14053,1056,4599,3690,1808
1291,2009,7,11,2004,4000,14054,1146,4599,3849,1886
1292,2009,7,20,2028,4000,14055,1040,4599,3600,1764
1293,2009,7,29,2008,4000,14056,1085,4599,3690,1808
1293,2009,7,29,2008,4000,14057,1085,4599,3690,1808
1294,2009,8,6,2019,4000,14058,1177,4599,4040,1980
1295,2009,8,11,2014,4000,14059,1027,4599,4299,2107
1296,2009,8,17,2016,4000,14060,1035,4599,3240,1588
1297,2009,8,23,2027,4000,14061,1145,4599,3800,1862
1298,2009,8,29,2033,4000,14062,1149,4599,4390,2151
1299,2009,9,6,2032,4000,14063,1116,4599,3790,1857
1300,2009,9,9,2005,4000,14064,1004,4599,3190,1563
1301,2009,9,12,2002,4000,14065,1029,4599,3340,1637
1302,2009,9,17,2023,1000,11128,1162,1799,1450,1001
1302,2009,9,17,2023,2000,12100,1162,2699,2180,1068
1303,2009,9,21,2022,4000,14066,1173,4599,4390,2151
1303,2009,9,21,2022,4000,14067,1173,4599,4390,2151
1303,2009,9,21,2022,4000,14068,1173,4599,4390,2151
1303,2009,9,21,2022,4000,14069,1173,4599,4390,2151
1303,2009,9,21,2022,4000,14070,1173,4599,4390,2151
1304,2009,9,25,2020,4000,14071,1127,4599,4200,2058
1305,2009,9,30,2032,4000,14072,1001,4599,3300,1617
1306,2009,10,4,2013,4000,14073,1134,4599,4000,1960
1307,2009,10,9,2016,4000,14074,1035,4599,4100,2009
1308,2009,10,13,2006,4000,14075,1133,4599,4490,2200
1309,2009,10,18,2037,4000,14076,1054,4599,4140,2029
1310,2009,10,23,2001,4000,14077,1167,4599,3790,1857
1311,2009,10,28,2009,4000,14078,1102,4599,3800,1862
1312,2009,11,1,2010,4000,14079,1171,4599,3790,1857
1313,2009,11,4,2037,4000,14080,1033,4599,3690,1808
1314,2009,11,9,2011,4000,14081,1151,4599,3990,1955
1314,2009,11,9,2011,4000,14082,1151,4599,3990,1955
1314,2009,11,9,2011,4000,14083,1151,4599,3990,1955
1314,2009,11,9,2011,4000,14084,1151,4599,3990,1955
1314,2009,11,9,2011,4000,14085,1151,4599,3990,1955
1314,2009,11,9,2011,4000,14086,1151,4599,3990,1955
1314,2009,11,9,2011,4000,14087,1151,4599,3990,1955
1314,2009,11,9,2011,4000,14088,1151,4599,3990,1955
1314,2009,11,9,2011,4000,14089,1151,4599,3990,1955
1315,2009,11,14,2018,4000,14090,1006,4599,4240,2078
1316,2009,11,17,2014,4000,14091,1123,4599,3499,1715
1317,2009,11,21,2036,4000,14092,1157,4599,4240,2078
1318,2009,11,26,2017,4000,14093,1091,4599,4199,2058
1319,2009,11,30,2011,4000,14094,1108,4599,4240,2078
1320,2009,12,4,2027,4000,14095,1145,4599,3940,1931
1320,2009,12,4,2027,4000,14096,1145,4599,3940,1931
1320,2009,12,4,2027,4000,14097,1145,4599,3940,1931
1320,2009,12,4,2027,4000,14098,1145,4599,3940,1931
1320,2009,12,4,2027,4000,14099,1145,4599,3940,1931
1320,2009,12,4,2027,4000,14100,1145,4599,3940,1931
1321,2009,12,9,2014,4000,14101,1069,4599,3449,1690
1322,2009,12,13,2012,4000,14102,1140,4599,3600,1764
1323,2009,12,16,2031,4000,14103,1005,4599,4200,2058
1324,2009,12,21,2005,1000,11129,1010,1799,1350,932
1324,2009,12,21,2005,1000,11130,1010,1799,1350,932
1324,2009,12,21,2005,4000,14104,1010,4599,3390,1661
1325,2009,12,26,2026,4000,14105,1143,4599,4349,2131
1326,2009,12,29,2013,4000,14106,1041,4599,4249,2082
1327,2010,1,1,2027,4000,14107,1039,4999,4300,2623
1328,2010,1,4,2027,4000,14108,1067,4999,4400,2684
1329,2010,1,7,2005,4000,14109,1010,4999,4640,2830
1330,2010,1,11,2016,4000,14110,1097,4999,3800,2318
1331,2010,1,14,2006,1000,11131,1103,1999,1439,993
1332,2010,1,17,2017,4000,14111,1139,4999,4349,2653
1333,2010,1,21,2019,4000,14112,1011,4999,3890,2373
1333,2010,1,21,2019,4000,14113,1011,4999,3890,2373
1333,2010,1,21,2019,4000,14114,1011,4999,3890,2373
1334,2010,1,24,2028,5000,15001,1158,5999,4550,1866
1335,2010,1,29,2016,5000,15002,1097,5999,4600,1886
1336,2010,2,1,2022,5000,15003,1036,5999,4600,1886
1337,2010,2,4,2018,5000,15004,1088,5999,5159,2115
1338,2010,2,9,2006,5000,15005,1133,5999,5500,2255
1339,2010,2,13,2007,5000,15006,1096,5999,5810,2382
1340,2010,2,16,2008,5000,15007,1128,5999,5699,2337
1341,2010,2,21,2032,5000,15008,1078,5999,4600,1886
1342,2010,2,26,2012,5000,15009,1093,5999,5579,2287
1342,2010,2,26,2012,5000,15010,1093,5999,5579,2287
1343,2010,3,1,2029,5000,15011,1138,5999,4490,1841
1344,2010,3,5,2010,5000,15012,1171,5999,5270,2161
1345,2010,3,8,2027,5000,15013,1021,5999,5570,2284
1346,2010,3,13,2011,5000,15014,1121,5999,5990,2456
1347,2010,3,16,2007,5000,15015,1096,5999,5210,2136
1348,2010,3,20,2028,5000,15016,1040,5999,4700,1927
1349,2010,3,23,2017,5000,15017,1025,5999,5300,2173
1350,2010,3,26,2002,4000,14115,1110,4999,4200,2562
1350,2010,3,26,2002,4000,14116,1110,4999,4200,2562
1350,2010,3,26,2002,4000,14117,1110,4999,4200,2562
1350,2010,3,26,2002,4000,14118,1110,4999,4200,2562
1350,2010,3,26,2002,5000,15018,1110,5999,5090,2087
1350,2010,3,26,2002,5000,15019,1110,5999,5090,2087
1351,2010,3,30,2031,5000,15020,1066,5999,4300,1763
1352,2010,4,3,2021,5000,15021,1164,5999,4900,2009
1352,2010,4,3,2021,5000,15022,1164,5999,4900,2009
1352,2010,4,3,2021,5000,15023,1164,5999,4900,2009
1352,2010,4,3,2021,5000,15024,1164,5999,4900,2009
1353,2010,4,8,2032,5000,15025,1078,5999,4439,1820
1354,2010,4,12,2004,5000,15026,1100,5999,4490,1841
1355,2010,4,16,2016,5000,15027,1035,5999,5100,2091
1356,2010,4,19,2031,3000,13139,1092,3999,3470,2082
1357,2010,4,24,2012,5000,15028,1046,5999,4850,1989
1358,2010,4,27,2021,5000,15029,1086,5999,5639,2312
1358,2010,4,27,2021,5000,15030,1086,5999,5639,2312
1359,2010,5,2,2009,2000,12101,1102,2999,2600,1482
1359,2010,5,2,2009,2000,12102,1102,2999,2600,1482
1359,2010,5,2,2009,5000,15031,1102,5999,5330,2185
1359,2010,5,2,2009,5000,15032,1102,5999,5330,2185
1360,2010,5,6,2014,5000,15033,1027,5999,4500,1845
1361,2010,5,9,2008,5000,15034,1085,5999,4550,1866
1362,2010,5,13,2023,5000,15035,1162,5999,5159,2115
1363,2010,5,17,2004,5000,15036,1008,5999,4679,1918
1363,2010,5,17,2004,5000,15037,1008,5999,4679,1918
1363,2010,5,17,2004,5000,15038,1008,5999,4679,1918
1363,2010,5,17,2004,5000,15039,1008,5999,4679,1918
1364,2010,5,22,2025,5000,15040,1102,5999,5870,2407
1365,2010,5,27,2026,5000,15041,1148,5999,5639,2312
1366,2010,5,30,2008,5000,15042,1085,5999,4600,1886
1367,2010,6,2,2002,4000,14119,1137,4999,3500,2135
1368,2010,6,6,2030,5000,15043,1111,5999,5200,2132
1369,2010,7,1,2027,4000,14107,1039,4999,4300,2623
1370,2010,7,4,2027,4000,14108,1067,4999,4400,2684
1370,2010,7,4,2005,4000,14109,1010,4999,4640,2830
1371,2010,7,11,2016,4000,14110,1097,4999,3800,2318
1371,2010,7,11,2006,1000,11131,1103,1999,1439,993
1371,2010,7,17,2017,4000,14111,1139,4999,4349,2653
1372,2010,7,21,2019,4000,14112,1011,4999,3890,2373
1373,2010,7,21,2019,4000,14113,1011,4999,3890,2373
1373,2010,7,21,2019,4000,14114,1011,4999,3890,2373
1374,2010,7,24,2028,5000,15001,1158,5999,4550,1866
1374,2010,8,24,2016,5000,15002,1097,5999,4600,1886
1374,2010,8,24,2022,5000,15003,1036,5999,4600,1886
1375,2010,8,4,2018,5000,15004,1088,5999,5159,2115
1376,2010,8,9,2006,5000,15005,1133,5999,5500,2255
1376,2010,8,9,2007,5000,15006,1096,5999,5810,2382
1377,2010,8,16,2008,5000,15007,1128,5999,5699,2337
1377,2010,9,16,2032,5000,15008,1078,5999,4600,1886
1377,2010,8,16,2012,5000,15009,1093,5999,5579,2287
1377,2010,8,16,2012,5000,15010,1093,5999,5579,2287
1377,2010,9,16,2029,5000,15011,1138,5999,4490,1841
1378,2010,9,17,2010,5000,15012,1171,5999,5270,2161
1379,2010,9,18,2027,5000,15013,1021,5999,5570,2284
1379,2010,9,18,2011,5000,15014,1121,5999,5990,2456
1379,2010,9,18,2007,5000,15015,1096,5999,5210,2136
1380,2010,9,20,2028,5000,15016,1040,5999,4700,1927
1380,2010,9,20,2017,5000,15017,1025,5999,5300,2173
1381,2010,9,26,2002,4000,14115,1110,4999,4200,2562
1381,2010,10,26,2002,4000,14116,1110,4999,4200,2562
1381,2010,10,26,2002,4000,14117,1110,4999,4200,2562
1382,2010,10,29,2002,4000,14118,1110,4999,4200,2562
1383,2010,10,30,2002,5000,15018,1110,5999,5090,2087
1384,2010,10,30,2002,5000,15019,1110,5999,5090,2087
1385,2010,10,30,2031,5000,15020,1066,5999,4300,1763
1385,2010,10,30,2021,5000,15021,1164,5999,4900,2009
1385,2010,10,30,2021,5000,15022,1164,5999,4900,2009
1385,2010,10,30,2021,5000,15023,1164,5999,4900,2009
1385,2010,10,30,2021,5000,15024,1164,5999,4900,2009
1386,2010,10,11,2032,5000,15025,1078,5999,4439,1820
1386,2010,10,11,2004,5000,15026,1100,5999,4490,1841
1386,2010,11,11,2016,5000,15027,1035,5999,5100,2091
1387,2010,11,19,2031,3000,13139,1092,3999,3470,2082
1387,2010,11,24,2012,5000,15028,1046,5999,4850,1989
1387,2010,11,24,2021,5000,15029,1086,5999,5639,2312
1388,2010,11,27,2021,5000,15030,1086,5999,5639,2312
1389,2010,11,29,2009,2000,12101,1102,2999,2600,1482
1389,2010,11,29,2009,2000,12102,1102,2999,2600,1482
1390,2010,11,2,2009,5000,15031,1102,5999,5330,2185
1390,2010,11,2,2009,5000,15032,1102,5999,5330,2185
1391,2010,11,6,2014,5000,15033,1027,5999,4500,1845
1392,2010,12,13,2008,5000,15034,1085,5999,4550,1866
1392,2010,12,13,2023,5000,15035,1162,5999,5159,2115
1393,2010,12,17,2004,5000,15036,1008,5999,4679,1918
1393,2010,12,17,2004,5000,15037,1008,5999,4679,1918
1394,2010,12,18,2004,5000,15038,1008,5999,4679,1918
1394,2010,12,18,2004,5000,15039,1008,5999,4679,1918
1395,2010,12,22,2025,5000,15040,1102,5999,5870,2407
1395,2010,12,22,2026,5000,15041,1148,5999,5639,2312
1396,2010,12,30,2008,5000,15042,1085,5999,4600,1886
1396,2010,12,30,2002,4000,14119,1137,4999,3500,2135
1397,2010,12,31,2030,5000,15043,1111,5999,5200,2132
1398,2011,1,1,2027,4000,16001,1039,5999,5300,2623
1399,2011,1,4,2027,4000,16002,1067,5999,5700,2684
1400,2011,1,7,2005,4000,16003,1010,5999,5355,2830
1401,2011,1,11,2016,4000,16004,1097,5999,5845,2318
1402,2011,1,14,2006,1000,16005,1103,3999,3554,1993
1403,2011,1,17,2017,4000,16006,1139,5999,5750,2653
1404,2011,1,21,2019,4000,16007,1011,5999,5774,2373
1404,2011,1,21,2019,4000,16008,1011,5999,5900,2373
1404,2011,1,21,2019,4000,16009,1011,5999,5370,2373
1405,2011,1,24,2028,5000,16010,1158,6999,6660,1866
1406,2011,1,29,2016,5000,16011,1097,6999,5600,1886
1408,2011,2,1,2022,5000,16012,1036,6999,5600,1886
1409,2011,2,4,2018,5000,16013,1088,6999,6720,2115
1410,2011,2,9,2006,5000,16014,1133,6999,5500,2255
1411,2011,2,13,2007,5000,16015,1096,6999,5810,2382
1412,2011,2,16,2008,5000,16016,1128,6999,6733,2337
1413,2011,2,21,2032,5000,16017,1078,6999,5600,1886
1414,2011,2,26,2012,5000,16018,1093,6999,5579,2287
1414,2011,2,26,2012,5000,16019,1093,6999,5579,2287
1415,2011,3,1,2029,5000,16020,1138,6999,6800,1841
1416,2011,3,5,2010,5000,16021,1171,6999,6890,2161
1417,2011,3,8,2027,5000,16022,1021,6999,6875,2284
1418,2011,3,13,2011,5000,16023,1121,6999,6990,2456
1419,2011,3,16,2007,5000,16024,1096,6999,5210,2136
1420,2011,3,20,2028,5000,16025,1040,6999,4900,1927
1421,2011,3,23,2017,5000,16026,1025,6999,5300,2173
1422,2011,3,24,2002,4000,16027,1110,5999,4200,2562
1422,2011,3,24,2002,4000,16028,1110,5999,4200,2562
1422,2011,3,24,2002,4000,16029,1110,5999,4200,2562
1422,2011,3,24,2002,4000,16030,1110,5999,4200,2562
1422,2011,3,24,2002,5000,16031,1110,6999,5090,2087
1422,2011,3,24,2002,5000,16032,1110,6999,5090,2087
1423,2011,3,30,2031,5000,16033,1066,6999,4300,1763
1424,2011,4,3,2021,5000,16034,1164,6999,5100,2009
1424,2011,4,3,2021,5000,16035,1164,6999,5100,2009
1424,2011,4,3,2021,5000,16036,1164,6999,5100,2009
1424,2011,4,3,2021,5000,16037,1164,6999,5100,2009
1425,2011,4,8,2032,5000,16038,1078,6999,4439,1820
1426,2011,4,12,2004,5000,16039,1100,6999,4490,1841
1427,2011,4,16,2016,5000,16040,1035,6999,5100,2091
1428,2011,4,19,2031,3000,16041,1092,3999,3470,2082
1429,2011,4,24,2012,5000,16042,1046,6999,5230,1989
1430,2011,4,27,2021,5000,16043,1086,6999,5639,2312
1430,2011,4,27,2021,5000,16044,1086,6999,5639,2312
1431,2011,5,2,2009,2000,16045,1102,2999,2600,1482
1431,2011,5,2,2009,2000,16046,1102,2999,2600,1482
1431,2011,5,2,2009,5000,16047,1102,6999,5330,2185
1431,2011,5,2,2009,5000,16048,1102,6999,5330,2185
1432,2011,5,6,2014,5000,16049,1027,6999,4500,1845
1433,2011,5,9,2008,5000,16050,1085,6999,4550,1866
1434,2011,5,13,2023,5000,16051,1162,6999,5159,2115
1435,2011,5,17,2004,5000,16052,1008,6999,5200,1918
1435,2011,5,17,2004,5000,16053,1008,6999,5200,1918
1435,2011,5,17,2004,5000,16054,1008,6999,5200,1918
1435,2011,5,17,2004,5000,16055,1008,6999,5200,1918
1436,2011,5,22,2025,5000,16056,1102,6999,5870,2407
1437,2011,5,27,2026,5000,16057,1148,6999,5639,2312
1438,2011,5,30,2008,5000,16058,1085,6999,4600,1886
1439,2011,6,2,2002,4000,16059,1137,5999,4500,2135
1440,2011,6,6,2030,5000,16060,1111,6999,5200,2132
1441,2011,7,1,2027,4000,16061,1039,5999,4500,2623
1442,2011,7,4,2027,4000,16062,1067,5999,4400,2684
1442,2011,7,4,2005,4000,16063,1010,5999,4640,2830
1443,2011,7,11,2016,4000,16064,1097,5999,4800,2318
1443,2011,7,11,2006,1000,16065,1103,1999,2368,993
1444,2011,7,17,2017,4000,16066,1139,5999,4349,2653
1445,2011,7,21,2019,4000,16067,1011,5999,4890,2373
1446,2011,7,21,2019,4000,16068,1011,5999,4890,2373
1446,2011,7,21,2019,4000,16069,1011,5999,4890,2373
1447,2011,7,24,2028,5000,16070,1158,6999,4550,1866
1448,2011,8,24,2016,5000,16071,1097,6999,4900,1886
1448,2011,8,24,2022,5000,16072,1036,6999,4900,1886
1449,2011,8,4,2018,5000,16073,1088,6999,5159,2115
1450,2011,8,9,2006,5000,16074,1133,6999,5500,2255
1450,2011,8,9,2007,5000,16075,1096,6999,5810,2382
1451,2011,8,16,2008,5000,16076,1128,6999,5699,2337
1451,2011,9,16,2032,5000,16077,1078,6999,5600,1886
1451,2011,8,16,2012,5000,16078,1093,6999,5579,2287
1451,2011,8,16,2012,5000,16079,1093,6999,5579,2287
1451,2011,9,16,2029,5000,16080,1138,6999,5550,1841
1452,2011,9,17,2010,5000,16081,1171,6999,5270,2161
1453,2011,9,18,2027,5000,16082,1021,6999,5570,2284
1453,2011,9,18,2011,5000,16083,1121,6999,5990,2456
1453,2011,9,18,2007,5000,16084,1096,6999,5210,2136
1454,2011,9,20,2028,5000,16085,1040,6999,4700,1927
1454,2011,9,20,2017,5000,16086,1025,6999,5300,2173
1455,2011,9,26,2002,4000,16087,1110,5999,5200,2562
1456,2011,10,26,2002,4000,16088,1110,5999,5200,2562
1456,2011,10,26,2002,4000,16089,1110,5999,5200,2562
1457,2011,10,29,2002,4000,16090,1110,5999,5200,2562
1458,2011,10,30,2002,5000,16091,1110,6999,5090,2087
1459,2011,10,30,2002,5000,16092,1110,6999,5090,2087
1460,2011,10,30,2031,5000,16093,1066,6999,5300,1763
1460,2011,10,30,2021,5000,16094,1164,6999,5680,2009
1460,2011,10,30,2021,5000,16095,1164,6999,5680,2009
1460,2011,10,30,2021,5000,16096,1164,6999,5680,2009
1460,2011,10,30,2021,5000,16097,1164,6999,5680,2009
1461,2011,10,14,2032,5000,16098,1078,6999,5439,1820
1461,2011,10,14,2004,5000,16099,1100,6999,5490,1841
1462,2011,11,14,2016,5000,16100,1035,6999,6100,2091
1463,2011,11,19,2031,3000,16101,1092,3999,3470,2082
1464,2011,11,24,2012,5000,16102,1046,6999,4850,1989
1465,2011,11,24,2021,5000,16103,1086,6999,5639,2312
1466,2011,11,27,2021,5000,16104,1086,6999,5639,2312
1467,2011,11,29,2009,2000,16105,1102,2999,2600,1482
1467,2011,11,29,2009,2000,16106,1102,2999,2600,1482
1468,2011,11,1,2009,5000,16107,1102,6999,5330,2185
1468,2011,11,1,2009,5000,16108,1102,6999,5330,2185
1469,2011,11,6,2014,5000,16109,1027,6999,5500,1845
1470,2011,12,13,2008,5000,16110,1085,6999,5550,1866
1470,2011,12,13,2023,5000,16111,1162,6999,5159,2115
1471,2011,12,15,2004,5000,16112,1008,6999,5680,1918
1471,2011,12,15,2004,5000,16113,1008,6999,5680,1918
1472,2011,12,18,2004,5000,16114,1008,6999,5680,1918
1472,2011,12,18,2004,5000,16115,1008,6999,5680,1918
1473,2011,12,22,2025,5000,16116,1102,6999,5870,2407
1473,2011,12,22,2026,5000,16117,1148,6999,6639,2312
1474,2011,12,30,2008,5000,16118,1085,6999,5600,1886
1474,2011,12,30,2002,4000,16119,1137,5999,4500,2135
1475,2011,12,31,2030,5000,16120,1111,6999,6840,2132
